criterion,incoming_from_predictors_mean,incoming_from_predictors_sd,incoming_from_predictors_max
C02,0.036474220345995546,0.028439327157989983,0.08983211146003203
C05,0.011397343235920187,0.015535251174188197,0.04891770737210352
C04,0.004037359798390699,0.008818639592886738,0.035219079717936835
C01,0.0011207124671586053,0.0031601384298233512,0.012628483826947824
C03,0.0,0.0,0.0
C06,0.0,0.0,0.0
