{
  "n": 179,
  "p": 14,
  "condition_number_corr": 35.01099450258078,
  "eigenvalues_corr_desc": [
    3.8388246105753563,
    2.894890646912829,
    1.6535689385582584,
    1.2443967858981895,
    0.9401954446022651,
    0.6856372954776925,
    0.5642563611693556,
    0.45499716784551236,
    0.4098297656462497,
    0.37928732445452923,
    0.3436242123111348,
    0.310670649116741,
    0.1701745373037311,
    0.10964626012815444
  ],
  "avg_abs_corr_offdiag": 0.24739130973516307,
  "max_abs_corr_offdiag": 0.6174747104139887,
  "high_corr_pairs": {
    "0.8": [],
    "0.9": []
  },
  "vif_ridge": 0.001,
  "vif": {
    "P01": 1.949613564410844,
    "P02": 3.1111146848560294,
    "P03": 1.4967206603458234,
    "P04": 1.9029385685639144,
    "P05": 2.4555875798997446,
    "P06": 2.360982373133331,
    "P07": 1.8288655113282493,
    "P08": 2.988013792440852,
    "C01": 1.7816329922167977,
    "C02": 2.9113792584336182,
    "C03": 2.7527231575729876,
    "C04": 2.396443596473012,
    "C05": 2.0115574329390933,
    "C06": 4.760997564718902
  }
}