{
  "n": 179,
  "p": 8,
  "condition_number_corr": 17.07478848682999,
  "eigenvalues_corr_desc": [
    3.169616593238395,
    1.3370745387797742,
    0.9555705642008387,
    0.840353061022298,
    0.6367852441690492,
    0.46322672061848097,
    0.4117418954399429,
    0.18563138253121927
  ],
  "avg_abs_corr_offdiag": 0.2912250114931179,
  "max_abs_corr_offdiag": 0.6174747104139885,
  "high_corr_pairs": {
    "0.8": [],
    "0.9": []
  },
  "vif_ridge": 0.001,
  "vif": {
    "P01": 1.443058528529348,
    "P02": 2.671546762301745,
    "P03": 1.4093792775043572,
    "P04": 1.4924469605036763,
    "P05": 2.142830200685291,
    "P06": 1.7927905028850275,
    "P07": 1.3608287104760726,
    "P08": 2.5318717012995586
  }
}