{
  "n": 179,
  "p": 6,
  "condition_number_corr": 14.384500408499147,
  "eigenvalues_corr_desc": [
    2.7565505485133928,
    1.131808889985926,
    0.7615052116902779,
    0.7414513607335322,
    0.4170506010389612,
    0.19163338803791005
  ],
  "avg_abs_corr_offdiag": 0.32977698417073664,
  "max_abs_corr_offdiag": 0.6057182941535346,
  "high_corr_pairs": {
    "0.8": [],
    "0.9": []
  },
  "vif_ridge": 0.001,
  "vif": {
    "C01": 1.366664110970291,
    "C02": 2.1721353072262684,
    "C03": 1.8873246739864291,
    "C04": 1.8132522511329683,
    "C05": 1.1285031672150077,
    "C06": 3.156416816497809
  }
}