predictor,out_strength_all_mean,out_strength_all_sd,out_strength_criteria_mean,out_strength_criteria_sd,signed_out_all_mean,nonzero_fraction_mean,delta_mse_all,delta_mse_criteria
P05,0.865504600663812,0.039164522169455825,0.024261875861088945,0.030336689776048358,0.816980848941634,0.2392857142857143,0.053635541686883226,0.0009308245304400775
P01,0.7272991098020692,0.09598175020497009,0.010864340367015276,0.016210881854737378,0.6978522523327865,0.12857142857142856,0.04732681824317575,0.0005240018797303125
P04,0.7686116436690873,0.03747539948503208,0.010701237369814778,0.024356621766856504,0.7472091689294578,0.16428571428571428,0.04752211601838496,0.00042162397527628626
P07,0.7815220733227269,0.01378084656813678,0.0048075999468740705,0.006820846101081315,0.7780625260676985,0.11071428571428571,0.05109679292959757,7.334450821461225e-05
P08,0.7494234057545178,0.05947843431837062,0.0010294773678858732,0.0027440747481386127,0.7473644510187462,0.22857142857142856,0.0358131788367648,2.015537533869849e-05
P02,0.7694049387232959,0.06496439869408019,0.0007396764193044159,0.0019192545486624375,0.7679255858846871,0.25357142857142856,0.043115214127135704,2.344640661680608e-05
P03,0.8254212186134436,0.03398678587497327,0.0006254285154816745,0.002045623562330203,0.8254212186134436,0.12857142857142856,0.05732175604704684,1.7695135903689208e-05
P06,0.8272441739281001,0.0726350563542656,0.0,0.0,0.826596206544408,0.21071428571428572,0.049157516896190856,0.0
