{
  "enabled": true,
  "directed": false,
  "notes": [],
  "n_nodes": 14,
  "n_edges": 45,
  "density": 0.4945054945054945,
  "transitivity": 0.5094339622641509,
  "avg_clustering": 0.17867206174710618,
  "degree_assortativity": -0.14765100671140957,
  "global_efficiency_weighted": 0.061297037925872926,
  "largest_component_size": 14,
  "avg_shortest_path_length_weighted_lcc": 20.9044041906823,
  "diameter_weighted_lcc": 3.0,
  "n_modules": 3,
  "modularity": 0.27102342410578456
}