{
  "enabled": true,
  "directed": true,
  "notes": [],
  "n_nodes": 14,
  "n_edges": 65,
  "density": 0.35714285714285715,
  "reciprocity": 0.3076923076923077,
  "transitivity": 0.6292682926829268,
  "avg_clustering": 0.13044773014584798,
  "degree_assortativity": -0.2690896965655224,
  "global_efficiency_weighted": 0.03902004991445243,
  "largest_component_size": 14,
  "avg_shortest_path_length_weighted_lcc": 31.865171522790074,
  "diameter_weighted_lcc": 2.0,
  "n_modules": 3,
  "modularity": 0.18516628309472613
}