{
  "n_splits": 5,
  "standardize_in_cv": true,
  "alpha_fixed_for_bw": 0.12729242547825764,
  "bw_grid": [
    0.03,
    0.05,
    0.08,
    0.11,
    0.15,
    0.2,
    0.28,
    0.36
  ],
  "bw_cv_mse": [
    2.2553857349781103,
    2.0175070611091397,
    1.5433181265433087,
    1.1134481151494071,
    0.8925955913140783,
    0.7704416932057699,
    0.6632493263756867,
    0.6321365863973727
  ],
  "bw_selected": 0.36,
  "alpha_grid": [
    0.01,
    0.013471370006941846,
    0.018147780986393233,
    0.02444754724726473,
    0.032934195473009575,
    0.044366873309786115,
    0.05976825664072416,
    0.08051602998770542,
    0.1084661231454405,
    0.1461187278110748,
    0.19684194472866123,
    0.26517306703257915,
    0.35722445018714677,
    0.48123027439974203,
    0.6482831084981079,
    0.8733261623828438,
    1.1764899870201866,
    1.5848931924611136
  ],
  "alpha_cv_mse": [
    0.9361242493227155,
    0.8846905763810546,
    0.8322535113307412,
    0.7735877052097682,
    0.7246190540019217,
    0.6848589250245724,
    0.651159172517402,
    0.6319828910796121,
    0.6275763765550608,
    0.641446836023364,
    0.6843240685439811,
    0.7694226456031472,
    0.929987400983545,
    1.218122452192888,
    1.6472398759840352,
    2.0912562981855207,
    2.269332234961957,
    2.2781552933928255
  ],
  "alpha_selected": 0.1084661231454405
}