{
  "prediction": {
    "mse": 0.19935936255466544,
    "r2_overall": 0.798868142120673
  },
  "r2_node_mean": 0.796726749445929,
  "alphas": [
    0.01,
    0.044366873309786115,
    0.02444754724726473,
    0.044366873309786115,
    0.044366873309786115,
    0.1084661231454405,
    0.044366873309786115,
    0.02444754724726473,
    0.05976825664072416,
    0.044366873309786115,
    0.1084661231454405,
    0.032934195473009575,
    0.01,
    0.044366873309786115
  ]
}