criterion,incoming_from_predictors_mean,incoming_from_predictors_sd,incoming_from_predictors_max
C05,0.291033053734225,0.0722191818490999,0.42619680102990554
C02,0.07345163962998823,0.04273689784074151,0.13110829675068694
C06,0.015176586879751009,0.02658380861642228,0.08980890930407298
C04,0.0025855617456258797,0.003882493658830304,0.009907564430437167
C01,0.0004158507452324766,0.0006835911949580647,0.001877297826065081
C03,7.299659993234404e-05,0.0003181848023271556,0.001459931998646881
