{
  "n": 179,
  "p": 14,
  "condition_number_corr": 34.180289965683265,
  "eigenvalues_corr_desc": [
    3.8078906997579542,
    2.168514343457923,
    1.9411852651663801,
    1.2200758301033603,
    1.0308054599615835,
    0.8597903603450039,
    0.7036314184859644,
    0.5247965954748588,
    0.456172174186249,
    0.42779035136391247,
    0.2892267852793704,
    0.2613706305720774,
    0.1973440473482863,
    0.111406038497071
  ],
  "avg_abs_corr_offdiag": 0.22651564771898625,
  "max_abs_corr_offdiag": 0.6863147833124572,
  "high_corr_pairs": {
    "0.8": [],
    "0.9": []
  },
  "vif_ridge": 0.001,
  "vif": {
    "P01": 2.098283032697417,
    "P02": 2.009586766866846,
    "P03": 2.9525703753380634,
    "P04": 3.723880449188218,
    "P05": 2.310000681595183,
    "P06": 1.8523155262669602,
    "P07": 3.1548104768386627,
    "P08": 1.3315080771419656,
    "C01": 1.8935040098586478,
    "C02": 3.019122159153205,
    "C03": 2.562872517317982,
    "C04": 1.8716434395380595,
    "C05": 2.1273023951067533,
    "C06": 2.4677103557390234
  }
}