{
  "n": 179,
  "p": 6,
  "condition_number_corr": 5.167881479602233,
  "eigenvalues_corr_desc": [
    2.2064132125146143,
    1.3198293852781275,
    0.9557168416290778,
    0.6376312919621101,
    0.45346193609240626,
    0.4269473325236627
  ],
  "avg_abs_corr_offdiag": 0.2472519057880684,
  "max_abs_corr_offdiag": 0.49144203503353334,
  "high_corr_pairs": {
    "0.8": [],
    "0.9": []
  },
  "vif_ridge": 0.001,
  "vif": {
    "C01": 1.2346196715082496,
    "C02": 1.4152561724723318,
    "C03": 1.476355590842364,
    "C04": 1.5769198764369006,
    "C05": 1.172339846884018,
    "C06": 1.4975123042867338
  }
}