{
  "n": 179,
  "p": 8,
  "condition_number_corr": 15.857713740033452,
  "eigenvalues_corr_desc": [
    2.911628465519054,
    1.3383196349972788,
    1.1457369682532663,
    0.9241184804859671,
    0.6680912751726182,
    0.5136317505578741,
    0.3148638257204122,
    0.18360959929353046
  ],
  "avg_abs_corr_offdiag": 0.25409237852640315,
  "max_abs_corr_offdiag": 0.6863147833124572,
  "high_corr_pairs": {
    "0.8": [],
    "0.9": []
  },
  "vif_ridge": 0.001,
  "vif": {
    "P01": 1.784293700990437,
    "P02": 1.5633861913267169,
    "P03": 1.992151250447318,
    "P04": 3.077833471790905,
    "P05": 1.478368976593093,
    "P06": 1.596981658994934,
    "P07": 2.463366015997749,
    "P08": 1.1552238969397493
  }
}