predictor,out_strength_all_mean,out_strength_all_sd,out_strength_criteria_mean,out_strength_criteria_sd,signed_out_all_mean,nonzero_fraction_mean,delta_mse_all,delta_mse_criteria
P02,0.9681021060918586,0.020715992460317304,0.20844540107499215,0.0033268660467424597,0.5563824274331263,0.18214285714285713,0.057249155563987464,0.014233329415538176
P06,0.9065157334050769,0.1571269598588079,0.06991148495716354,0.055326143785681625,0.8361676014130435,0.19642857142857142,0.06195302284391058,0.004609023815530022
P03,0.7738345337442017,0.07221442016573304,0.06943031052968618,0.04094073374387914,0.7700633111917181,0.16428571428571428,0.046385611122783166,0.004031282457472252
P04,0.6738174656260576,0.03704656606109054,0.01526172944769522,0.030801342280336323,0.6432940067306671,0.08928571428571429,0.04070121348414246,0.0009104251775003958
P07,0.8438346508784177,0.05844117752493161,0.012679979691700417,0.020850365300314436,0.8184746914950167,0.16785714285714284,0.05145236020746097,0.0009421785926760351
P05,0.7019818026984883,0.05818411936035158,0.003575573903457266,0.008422465379569396,0.6939595335700647,0.14285714285714285,0.04372022577926982,0.0001579195298267999
P08,0.7428684953890022,0.025196994186724872,0.0034312097300601913,0.00668481612313034,0.7081218641549663,0.12142857142857143,0.04952273888092218,8.552785846166477e-05
P01,0.7297461228337366,0.03501229130364894,0.0,0.0,0.7280004231353565,0.07857142857142857,0.048818428031183025,0.0
