{
  "enabled": true,
  "directed": false,
  "notes": [],
  "n_nodes": 14,
  "n_edges": 59,
  "density": 0.6483516483516484,
  "transitivity": 0.6391304347826087,
  "avg_clustering": 0.09579131421970373,
  "degree_assortativity": -0.17539062500000252,
  "global_efficiency_weighted": 0.07348498783709848,
  "largest_component_size": 14,
  "avg_shortest_path_length_weighted_lcc": 16.73478249370832,
  "diameter_weighted_lcc": 2.0,
  "n_modules": 3,
  "modularity": 0.20057676282408582
}