{
  "enabled": true,
  "directed": true,
  "notes": [],
  "n_nodes": 14,
  "n_edges": 95,
  "density": 0.521978021978022,
  "reciprocity": 0.5052631578947369,
  "transitivity": 0.7937219730941704,
  "avg_clustering": 0.10432891961427951,
  "degree_assortativity": -0.1737350328312119,
  "global_efficiency_weighted": 0.055243334603117734,
  "largest_component_size": 14,
  "avg_shortest_path_length_weighted_lcc": 22.885655740810293,
  "diameter_weighted_lcc": 2.0,
  "n_modules": 3,
  "modularity": 0.18418020899329474
}