{
  "prediction": {
    "mse": 0.18659582067627548,
    "r2_overall": 0.8131732145594578
  },
  "r2_node_mean": 0.8130991463344872,
  "alphas": [
    0.02444754724726473,
    0.05976825664072416,
    0.044366873309786115,
    0.08051602998770542,
    0.032934195473009575,
    0.05976825664072416,
    0.01,
    0.013471370006941846,
    0.018147780986393233,
    0.05976825664072416,
    0.044366873309786115,
    0.044366873309786115,
    0.05976825664072416,
    0.044366873309786115
  ]
}