{
  "prediction": {
    "mse": 0.25253887707152434,
    "r2_overall": 0.746897065920088
  },
  "r2_node_mean": 0.7467919045915706,
  "alphas": [
    0.032934195473009575,
    0.032934195473009575,
    0.05976825664072416,
    0.013471370006941846,
    0.01,
    0.018147780986393233,
    0.018147780986393233,
    0.1084661231454405,
    0.02444754724726473,
    0.1461187278110748,
    0.018147780986393233,
    0.044366873309786115,
    0.05976825664072416,
    0.1084661231454405
  ]
}