{
  "avg_abs_corr_offdiag": 0.24664575907308994,
  "max_abs_corr_offdiag": 0.6180967318806005
}