criterion,P01,P02,P03,P04,P05,P06,P07,P08
C01,0.0,0.0,0.31504031226746787,0.0,0.0,0.0,0.0,0.0
C02,0.0,0.0,0.6745878791020931,0.0,-0.4512284921650779,0.0,0.0,-0.3822015148990031
C03,0.0,0.0,0.0,0.0,-0.2703919957825345,0.0,0.0,0.0
C04,0.0,0.5136602956396515,0.0,0.0,0.0,0.0,0.0,0.0
C05,0.0,-0.8040422470430384,0.0,-0.4337192261232261,0.0,0.39876910153657674,0.0,0.0
C06,0.0,0.0,0.0,0.0,0.0,0.0,-0.3202477885905547,0.3048886984241491
