criterion,P01,P02,P03,P04,P05,P06,P07,P08
C01,0.21729737289003156,0.34259384743872934,0.31504031226746787,0.27856229795866144,0.2511843855420694,0.24398707911691558,0.25523262953821746,0.24835870801417348
C02,0.37201842829772125,0.4643334514937809,0.6745878791020931,0.36679532500922885,0.4512284921650779,0.365784245106981,0.44207768117234214,0.3822015148990031
C03,0.2498294848192971,0.3463606168043768,0.39331663209853396,0.27725164087827864,0.2703919957825345,0.21820519739378835,0.2815653871617972,0.28129953462876156
C04,0.3704773561469072,0.5136602956396515,0.48221006558024265,0.4250772509137919,0.45141523366792613,0.3671104933861292,0.4628548403654113,0.41395537437787927
C05,0.49025273776739925,0.8040422470430384,0.56608141932825,0.4337192261232261,0.5684030427926081,0.39876910153657674,0.4978966663774494,0.5237123168575681
C06,0.3052380646132796,0.3888999111582934,0.4605399009331885,0.3125278547100608,0.3525008937448493,0.27804477640512953,0.3202477885905547,0.3048886984241491
