criterion,P01,P02,P03,P04,P05,P06,P07,P08
C01,0.34096966041172766,0.3298844999985559,0.38760283514641464,0.2754850053453724,0.3408347421702694,0.24082545059015825,0.32696318216663295,0.26836399345059864
C02,0.4807771563673561,0.42754079704718656,0.4968267620970949,0.4525901399390515,0.4935292187902791,0.44529766212088207,0.4876537884418737,0.5424972078038275
C03,0.5053723815505278,0.48557728477290085,0.45267234309212534,0.44409088671053254,0.5319044921451341,0.4472268079559043,0.614716413059203,0.4363251745212633
C04,0.3240377618041268,0.368042150078139,0.31565898437580264,0.35534054690109224,0.3842820826770573,0.34633537068373443,0.3585810505628903,0.28802624840116725
C05,0.5658117071694959,0.42615126107458595,0.34205703097746415,0.46064273274658624,0.3738064528426253,0.36649876763413775,0.4178663422067512,0.3412109279932202
C06,0.38295204869163463,0.42789967094142023,0.43168550850363846,0.4237623495027652,0.5455063196664433,0.33781801137315526,0.5044212745890749,0.3575480639921869
