criterion,P01,P02,P03,P04,P05,P06,P07,P08
C01,0.0,0.0,-0.38760283514641464,-0.2754850053453724,0.0,0.24082545059015825,0.0,0.0
C02,0.4807771563673561,0.42754079704718656,0.0,0.0,0.0,0.0,0.4876537884418737,0.5424972078038275
C03,0.0,-0.48557728477290085,0.0,0.0,0.0,0.0,0.614716413059203,0.0
C04,0.0,0.0,0.0,0.0,0.0,0.34633537068373443,0.0,0.0
C05,0.5658117071694959,0.0,0.0,0.0,0.0,0.0,0.0,0.0
C06,0.0,0.42789967094142023,0.0,0.0,0.5455063196664433,0.33781801137315526,0.5044212745890749,0.0
