{
  "avg_abs_corr_offdiag": 0.2709751661956943,
  "max_abs_corr_offdiag": 0.6852221343922565
}