{
  "generated_at": "2026-01-19T17:00:19",
  "dependencies": {
    "networkx": true,
    "joblib": true
  },
  "selection": {
    "prefer_tier": "tier1",
    "n_candidates_from_readiness": 14,
    "filters": {
      "min_nonmissing_for_network": 20,
      "max_missing_frac_for_network": 0.65,
      "min_unique_for_network": 3,
      "min_std_for_network": 1e-08,
      "allow_binary": true,
      "allowed_types": [
        "continuous",
        "count",
        "proportion",
        "binary",
        "unknown"
      ]
    },
    "dropped": [],
    "kept": [
      "P01",
      "P02",
      "P03",
      "P04",
      "P05",
      "P06",
      "P07",
      "P08",
      "C01",
      "C02",
      "C03",
      "C04",
      "C05",
      "C06"
    ],
    "notes": []
  },
  "tv_cv": {
    "n_splits": 5,
    "standardize_in_cv": true,
    "alpha_fixed_for_bw": 0.12729242547825764,
    "bw_grid": [
      0.03,
      0.05,
      0.08,
      0.11,
      0.15,
      0.2,
      0.28,
      0.36
    ],
    "bw_cv_mse": [
      2.2553857349781103,
      2.0175070611091397,
      1.5433181265433087,
      1.1134481151494071,
      0.8925955913140783,
      0.7704416932057699,
      0.6632493263756867,
      0.6321365863973727
    ],
    "bw_selected": 0.36,
    "alpha_grid": [
      0.01,
      0.013471370006941846,
      0.018147780986393233,
      0.02444754724726473,
      0.032934195473009575,
      0.044366873309786115,
      0.05976825664072416,
      0.08051602998770542,
      0.1084661231454405,
      0.1461187278110748,
      0.19684194472866123,
      0.26517306703257915,
      0.35722445018714677,
      0.48123027439974203,
      0.6482831084981079,
      0.8733261623828438,
      1.1764899870201866,
      1.5848931924611136
    ],
    "alpha_cv_mse": [
      0.9361242493227155,
      0.8846905763810546,
      0.8322535113307412,
      0.7735877052097682,
      0.7246190540019217,
      0.6848589250245724,
      0.651159172517402,
      0.6319828910796121,
      0.6275763765550608,
      0.641446836023364,
      0.6843240685439811,
      0.7694226456031472,
      0.929987400983545,
      1.218122452192888,
      1.6472398759840352,
      2.0912562981855207,
      2.269332234961957,
      2.2781552933928255
    ],
    "alpha_selected": 0.1084661231454405
  },
  "bandwidth_selected_final": 0.36,
  "alpha_selected_final": 0.1084661231454405,
  "bootstrap": {
    "n_boot": 80,
    "block_len": 20,
    "ci": [
      0.05,
      0.95
    ]
  },
  "prediction": {
    "mse": 0.20557102619872442,
    "r2_overall": 0.7926012508483433
  },
  "tv_clusters_error_ratio": {
    "create_clusters": false,
    "threshold_ratio": 3.0,
    "peaks": [],
    "segments": []
  },
  "tv_clusters_change_points": {
    "enabled": true,
    "d": [
      0.05404133243580565,
      0.04994845150593584,
      0.04631933831794379,
      0.04303817818533195,
      0.03966404589473153,
      0.035812345878754134,
      0.032880124889057956,
      0.031486910754336656,
      0.029089153477884298,
      0.024791985666934125,
      0.02319778061004393,
      0.023149220815245168,
      0.02968048189417335,
      0.031899031144142435,
      0.040846648213986925,
      0.04290971566665812,
      0.046512164294903145,
      0.04810292451755736,
      0.04494013667187055
    ],
    "z": [
      1.7555659206056569,
      1.31299854758918,
      0.9205788516562763,
      0.5657836730966577,
      0.20093532064077668,
      -0.21555291513422734,
      -0.5326169496735583,
      -0.6832666094653085,
      -0.9425385397152842,
      -1.407195660723609,
      -1.5795786731216557,
      -1.584829493066469,
      -0.8785975973152412,
      -0.6387036130312364,
      0.3288113108598965,
      0.5518928904438711,
      0.941429320442074,
      1.113439839414483,
      0.7714443764977112
    ],
    "z_thresh": 2.5,
    "change_points": [],
    "segments": [
      [
        0,
        19
      ]
    ]
  },
  "debug": {
    "ess_mean": 144.29502623951214,
    "spectral_radius_mean": 0.8250396465617011,
    "nonzero_fraction": 0.16709183673469388
  }
}