{
  "create_clusters": false,
  "threshold_ratio": 3.0,
  "peaks": [],
  "segments": [],
  "ratio_stationary_over_tv": [
    0.885846228399731,
    0.8896149191116237,
    0.8938799679712228,
    0.8993215442916251,
    0.9049825570822633,
    0.9102545215437443,
    0.9150319161996033,
    0.9194754662542485,
    0.9236441747081957,
    0.9272486769229568,
    0.9304390737465588,
    0.9330555835085768,
    0.9353736107921569,
    0.9378672345583267,
    0.9402498893857263,
    0.9445708278460975,
    0.949276626330296,
    0.9545483788478304,
    0.9599838337505802,
    0.9659520540495506
  ]
}