{
  "enabled": true,
  "d": [
    0.05404133243580565,
    0.04994845150593584,
    0.04631933831794379,
    0.04303817818533195,
    0.03966404589473153,
    0.035812345878754134,
    0.032880124889057956,
    0.031486910754336656,
    0.029089153477884298,
    0.024791985666934125,
    0.02319778061004393,
    0.023149220815245168,
    0.02968048189417335,
    0.031899031144142435,
    0.040846648213986925,
    0.04290971566665812,
    0.046512164294903145,
    0.04810292451755736,
    0.04494013667187055
  ],
  "z": [
    1.7555659206056569,
    1.31299854758918,
    0.9205788516562763,
    0.5657836730966577,
    0.20093532064077668,
    -0.21555291513422734,
    -0.5326169496735583,
    -0.6832666094653085,
    -0.9425385397152842,
    -1.407195660723609,
    -1.5795786731216557,
    -1.584829493066469,
    -0.8785975973152412,
    -0.6387036130312364,
    0.3288113108598965,
    0.5518928904438711,
    0.941429320442074,
    1.113439839414483,
    0.7714443764977112
  ],
  "z_thresh": 2.5,
  "change_points": [],
  "segments": [
    [
      0,
      19
    ]
  ]
}