{
  "generated_at": "2026-01-19T16:59:55",
  "dependencies": {
    "networkx": true,
    "joblib": true
  },
  "selection": {
    "prefer_tier": "tier1",
    "n_candidates_from_readiness": 14,
    "filters": {
      "min_nonmissing_for_network": 20,
      "max_missing_frac_for_network": 0.65,
      "min_unique_for_network": 3,
      "min_std_for_network": 1e-08,
      "allow_binary": true,
      "allowed_types": [
        "continuous",
        "count",
        "proportion",
        "binary",
        "unknown"
      ]
    },
    "dropped": [],
    "kept": [
      "P01",
      "P02",
      "P03",
      "P04",
      "P05",
      "P06",
      "P07",
      "P08",
      "C01",
      "C02",
      "C03",
      "C04",
      "C05",
      "C06"
    ],
    "notes": []
  },
  "tv_cv": {
    "n_splits": 5,
    "standardize_in_cv": true,
    "alpha_fixed_for_bw": 0.12729242547825764,
    "bw_grid": [
      0.03,
      0.05,
      0.08,
      0.11,
      0.15,
      0.2,
      0.28,
      0.36
    ],
    "bw_cv_mse": [
      2.3777472108492743,
      1.8850581144690988,
      1.3886452374094798,
      0.9534611868184826,
      0.750243444682379,
      0.6836255020867128,
      0.6493355622554386,
      0.6435477182979172
    ],
    "bw_selected": 0.36,
    "alpha_grid": [
      0.01,
      0.013471370006941846,
      0.018147780986393233,
      0.02444754724726473,
      0.032934195473009575,
      0.044366873309786115,
      0.05976825664072416,
      0.08051602998770542,
      0.1084661231454405,
      0.1461187278110748,
      0.19684194472866123,
      0.26517306703257915,
      0.35722445018714677,
      0.48123027439974203,
      0.6482831084981079,
      0.8733261623828438,
      1.1764899870201866,
      1.5848931924611136
    ],
    "alpha_cv_mse": [
      0.8556404280452071,
      0.8271993230606365,
      0.7978845486832873,
      0.7628676081801007,
      0.7288672812658319,
      0.6988352643242345,
      0.6716901994675059,
      0.6507526783960946,
      0.6401805297170692,
      0.6533163192205844,
      0.6980976847582231,
      0.7902030430225513,
      0.95284435101519,
      1.2304163822812053,
      1.6610174576214987,
      2.0215459798386948,
      2.081916270383842,
      2.091288859937422
    ],
    "alpha_selected": 0.1084661231454405
  },
  "bandwidth_selected_final": 0.36,
  "alpha_selected_final": 0.1084661231454405,
  "bootstrap": {
    "n_boot": 80,
    "block_len": 20,
    "ci": [
      0.05,
      0.95
    ]
  },
  "prediction": {
    "mse": 0.26028833207768876,
    "r2_overall": 0.7391303021555331
  },
  "tv_clusters_error_ratio": {
    "create_clusters": false,
    "threshold_ratio": 3.0,
    "peaks": [],
    "segments": []
  },
  "tv_clusters_change_points": {
    "enabled": true,
    "d": [
      0.07632546684058875,
      0.07263551822376317,
      0.06893072195550863,
      0.0642930505146259,
      0.05859002844804526,
      0.051983048214177555,
      0.049056804971847404,
      0.046329055612739,
      0.045610614461010564,
      0.0415689631910493,
      0.04327351201616612,
      0.040993837593336434,
      0.04398042427384043,
      0.04350929499520339,
      0.04141065834337018,
      0.04385372270886783,
      0.04844357171776811,
      0.05029470638071699,
      0.04954531888979757
    ],
    "z": [
      2.286244121820497,
      1.9448865483566413,
      1.602155416941242,
      1.173123895373801,
      0.6455366641636341,
      0.03432415831118507,
      -0.23638294259857362,
      -0.48872735140605467,
      -0.5551904254749772,
      -0.9290840520718657,
      -0.7713960430466585,
      -0.9822889876574211,
      -0.7059995083005584,
      -0.7495837323761961,
      -0.943728851846286,
      -0.7177206847353474,
      -0.2931132218835841,
      -0.12186454004077886,
      -0.19119046352870275
    ],
    "z_thresh": 2.5,
    "change_points": [],
    "segments": [
      [
        0,
        19
      ]
    ]
  },
  "debug": {
    "ess_mean": 144.29502623951214,
    "spectral_radius_mean": 0.85422327177586,
    "nonzero_fraction": 0.14846938775510204
  }
}