{
  "create_clusters": false,
  "threshold_ratio": 3.0,
  "peaks": [],
  "segments": [],
  "ratio_stationary_over_tv": [
    0.9266018315320161,
    0.9235430806240432,
    0.9207296147485177,
    0.9188515728412354,
    0.9173855168301002,
    0.9165669476509998,
    0.9164484351155094,
    0.9164195067932467,
    0.9165149495758338,
    0.9168063896925838,
    0.9176360157401948,
    0.9188021942997744,
    0.9204679150115027,
    0.9226399199970475,
    0.9257569634672772,
    0.9293028034991717,
    0.933180527376595,
    0.938107488358426,
    0.9437135036969103,
    0.9495882898356669
  ]
}