{
  "enabled": true,
  "d": [
    0.07632546684058875,
    0.07263551822376317,
    0.06893072195550863,
    0.0642930505146259,
    0.05859002844804526,
    0.051983048214177555,
    0.049056804971847404,
    0.046329055612739,
    0.045610614461010564,
    0.0415689631910493,
    0.04327351201616612,
    0.040993837593336434,
    0.04398042427384043,
    0.04350929499520339,
    0.04141065834337018,
    0.04385372270886783,
    0.04844357171776811,
    0.05029470638071699,
    0.04954531888979757
  ],
  "z": [
    2.286244121820497,
    1.9448865483566413,
    1.602155416941242,
    1.173123895373801,
    0.6455366641636341,
    0.03432415831118507,
    -0.23638294259857362,
    -0.48872735140605467,
    -0.5551904254749772,
    -0.9290840520718657,
    -0.7713960430466585,
    -0.9822889876574211,
    -0.7059995083005584,
    -0.7495837323761961,
    -0.943728851846286,
    -0.7177206847353474,
    -0.2931132218835841,
    -0.12186454004077886,
    -0.19119046352870275
  ],
  "z_thresh": 2.5,
  "change_points": [],
  "segments": [
    [
      0,
      19
    ]
  ]
}