method,profile_type,spearman_mean,spearman_sd,kendall_mean,kendall_sd,top1_rate,top3_overlap,n
stationary-gVAR,dynamic,0.7857142857142859,0.14285714285714288,0.6698412698412698,0.18307621042347713,0.8,0.7777777777777778,15
stationary-gVAR,static,0.7945755332770623,0.08509789322649487,0.6552226070651916,0.09764829683464249,0.6666666666666666,0.8,15
tv-gVAR,dynamic,0.8476190476190478,0.09397547392131968,0.7396825396825398,0.1369133882720497,0.8,0.8,15
tv-gVAR,static,0.8714285714285717,0.06585388898066348,0.7396825396825398,0.10474128842700835,0.6,0.8222222222222222,15
