{
  "avg_abs_corr_offdiag": 0.2260990134258767,
  "max_abs_corr_offdiag": 0.6726107078842541
}