criterion,incoming_from_predictors_mean,incoming_from_predictors_sd,incoming_from_predictors_max
C05,0.0819960978589774,0.03458031538077815,0.11538444419177202
C02,0.05959484860766621,0.01785126160853237,0.08246990841536349
C06,0.04681748592206607,0.023863223317883885,0.07172150115367626
C03,0.016856990495250145,0.03561272830987497,0.12730373870913084
C01,0.006872240156654788,0.011972982726010623,0.039977892721093505
C04,0.0005806565817061043,0.0012482540010326322,0.003750737261695728
