{
  "n": 179,
  "p": 6,
  "condition_number_corr": 6.551245861663861,
  "eigenvalues_corr_desc": [
    2.321290601903074,
    1.1464682021136845,
    0.9116370670805758,
    0.7796198309389228,
    0.48665618222523044,
    0.3543281157385106
  ],
  "avg_abs_corr_offdiag": 0.23196260504803,
  "max_abs_corr_offdiag": 0.6246482356759686,
  "high_corr_pairs": {
    "0.8": [],
    "0.9": []
  },
  "vif_ridge": 0.001,
  "vif": {
    "C01": 1.0517241236431747,
    "C02": 1.8029410034313356,
    "C03": 1.0662834682805462,
    "C04": 1.3444944162581096,
    "C05": 1.3179597859741607,
    "C06": 1.976321898153441
  }
}