{
  "n": 179,
  "p": 8,
  "condition_number_corr": 17.182383935434263,
  "eigenvalues_corr_desc": [
    3.381821567470241,
    1.306080656007005,
    0.9557082809675473,
    0.8109695208492196,
    0.5487864027156815,
    0.4627317231572002,
    0.33708273571248243,
    0.19681911312062436
  ],
  "avg_abs_corr_offdiag": 0.30795799424803105,
  "max_abs_corr_offdiag": 0.6504127393486052,
  "high_corr_pairs": {
    "0.8": [],
    "0.9": []
  },
  "vif_ridge": 0.001,
  "vif": {
    "P01": 3.6707800290735078,
    "P02": 1.5072343915579833,
    "P03": 1.2078485279288325,
    "P04": 1.8469586174329575,
    "P05": 1.8256889250742836,
    "P06": 1.3344199942134825,
    "P07": 1.6942219722488314,
    "P08": 2.2843521105534244
  }
}