{
  "n": 179,
  "p": 14,
  "condition_number_corr": 31.82236354156317,
  "eigenvalues_corr_desc": [
    4.882576823501029,
    2.222475977638508,
    1.364155368904113,
    1.056734085268102,
    0.9911434070263081,
    0.7286440476109265,
    0.5830819333962453,
    0.46491498947692617,
    0.38453876628813277,
    0.34017288197003803,
    0.33616364849831315,
    0.2694459237932865,
    0.22251989709940648,
    0.15343224952866646
  ],
  "avg_abs_corr_offdiag": 0.2720281984507947,
  "max_abs_corr_offdiag": 0.6873266112261563,
  "high_corr_pairs": {
    "0.8": [],
    "0.9": []
  },
  "vif_ridge": 0.001,
  "vif": {
    "P01": 4.995084562363499,
    "P02": 1.9650134230386473,
    "P03": 1.771707181072262,
    "P04": 2.438522436536987,
    "P05": 1.9687093074239606,
    "P06": 1.5672034707757174,
    "P07": 1.9160696494107892,
    "P08": 2.4235130558007376,
    "C01": 1.3050739020892266,
    "C02": 2.939050970292597,
    "C03": 1.2901690831537,
    "C04": 2.035533618737901,
    "C05": 2.824565551209728,
    "C06": 2.3789881445799828
  }
}