predictor,out_strength_all_mean,out_strength_all_sd,out_strength_criteria_mean,out_strength_criteria_sd,signed_out_all_mean,nonzero_fraction_mean,delta_mse_all,delta_mse_criteria
P01,0.968996849277128,0.11464561123861963,0.09505207104895488,0.04493898695466519,0.968996849277128,0.29285714285714287,0.06095322938969194,0.005097994373415071
P07,0.863002560995714,0.04362229603423023,0.06403775837910929,0.03016306811147759,0.863002560995714,0.2857142857142857,0.05562418861403412,0.0035192880136920013
P05,0.7829541674183489,0.04171232642779455,0.018118168704142082,0.007754531829920092,0.7829541674183489,0.25,0.04945661339062063,0.0006807178020551419
P02,0.801713005158905,0.023705881546407542,0.015527846965645273,0.010730265968419157,0.7947960048826743,0.23214285714285715,0.05150691913336408,0.0009406901396514789
P08,0.7001577120244171,0.04846752060938541,0.01251902767292291,0.011719864726352837,0.7001577120244171,0.125,0.042965048024330876,0.00048477820925127424
P03,0.7968797048669682,0.021744842050821528,0.006638641184259675,0.011354392261872967,0.7836024224984488,0.11428571428571428,0.055764622909354356,0.0004208363250025604
P06,0.6965629961919413,0.005689880021338875,0.0006947721732566035,0.0015844328129966145,0.6965629961919413,0.09285714285714286,0.04484814097587447,2.1700290853687854e-05
P04,0.7620943047362394,0.04701108932362173,0.00013003349402999773,0.0005668028597522596,0.7618342377481795,0.075,0.052648812074374385,1.2704313117201105e-05
