predictor,out_strength_all,out_strength_criteria,signed_out_all,nonzero_fraction_all,delta_mse_all,delta_mse_criteria
P01,1.1670095674575596,0.16940410637640282,1.1670095674575596,0.35714285714285715,0.05220578946639595,0.005368947125941076
P08,1.0329936023041082,0.1210804098084681,0.9765031259142798,0.5,0.046973240106939596,0.002415555525826618
P02,1.0424873539631583,0.09776440069250208,0.9444298446726715,0.5714285714285714,0.05675756120297118,0.001448058265245411
P07,0.9768740439489924,0.09432670179212202,0.9566608308610406,0.5714285714285714,0.055836671561181356,0.0019557577341481336
P03,1.0078272002343702,0.06938637770096304,0.9203756732134369,0.5,0.05473278901026177,0.0009845074842746715
P05,0.9518607176132672,0.06007769008241941,0.9518607176132672,0.5,0.04908415908736141,0.0014270164116742812
P06,0.8382696884267622,0.01335562554212785,0.643677531023698,0.5,0.047637875265136465,9.585752345581122e-05
P04,0.8321571656070246,0.0017924525315457282,0.8285722605439332,0.21428571428571427,0.05356730247167488,3.6244950169933565e-05
