{
  "enabled": true,
  "directed": true,
  "notes": [],
  "n_nodes": 14,
  "n_edges": 64,
  "density": 0.3516483516483517,
  "reciprocity": 0.40625,
  "transitivity": 0.6298342541436464,
  "avg_clustering": 0.09071614653354985,
  "degree_assortativity": -0.19834970530451826,
  "global_efficiency_weighted": 0.03176874615129001,
  "largest_component_size": 14,
  "avg_shortest_path_length_weighted_lcc": 41.42977375338842,
  "diameter_weighted_lcc": 2.0,
  "n_modules": 3,
  "modularity": 0.21928119390120804
}