{
  "n": 180,
  "p": 14,
  "missing_fraction": 0.2011904761904762,
  "spectral_radius_A": 0.9460500484566231,
  "meas_noise_scale": 0.01,
  "ridge_alpha": 1.0,
  "n_refine": 3,
  "kalman_ridge": 1e-08,
  "stabilize_rho": 0.98
}