criterion,P01,P02,P03,P04,P05,P06,P07,P08
C01,-0.35160324998518877,0.0,0.0,0.0,0.0,0.0,0.0,-0.49223605379093816
C02,0.0,0.0,0.3243324603796183,-0.43055205824603116,-0.6597248389892367,0.0,0.32805450146773113,0.0
C03,0.0,0.0,0.0,0.0,0.0,0.0,0.0,0.0
C04,0.0,-0.47239146924998215,0.0,-0.41196864405968914,-0.35216247117719274,0.0,0.0,-0.42736920853959826
C05,-0.43706189183224886,-0.43766366215967084,0.0,0.0,0.0,0.0,0.0,0.0
C06,0.0,0.0,0.0,0.0,0.0,0.0,0.0,0.0
