criterion,P01,P02,P03,P04,P05,P06,P07,P08
C01,0.35160324998518877,0.49755217240262606,0.24926973765944768,0.36980762020172553,0.3846742680562555,0.4363065661827089,0.268704640886952,0.49223605379093816
C02,0.402941501726286,0.5883511597301849,0.3243324603796183,0.43055205824603116,0.6597248389892367,0.624309974173151,0.32805450146773113,0.5533688496668634
C03,0.3008808882271844,0.4624682160828838,0.22830827446886065,0.36906894401656576,0.36993766226813296,0.4702623699222233,0.264026572759957,0.4379369609454664
C04,0.3524291407104598,0.47239146924998215,0.23818513463624572,0.41196864405968914,0.35216247117719274,0.45070094606170436,0.30515367860246334,0.42736920853959826
C05,0.43706189183224886,0.43766366215967084,0.2591739115774665,0.3817889371430484,0.4784995642215743,0.46067369895475657,0.30631643218550747,0.4457626655484517
C06,0.2597574214502736,0.4760917404140943,0.18455427264658078,0.30912514153218595,0.34929312273851515,0.42538560412495924,0.2187450970641814,0.4319383957161584
