{
  "n_splits": 5,
  "standardize_in_cv": true,
  "alpha_fixed_for_bw": 0.12729242547825764,
  "bw_grid": [
    0.03,
    0.05,
    0.08,
    0.11,
    0.15,
    0.2,
    0.28,
    0.36
  ],
  "bw_cv_mse": [
    2.1622166737847843,
    1.865823813468208,
    1.3327243796424757,
    0.8882837118599987,
    0.6878716482519588,
    0.6136254277588112,
    0.5714350424596191,
    0.5542969932291854
  ],
  "bw_selected": 0.36,
  "alpha_grid": [
    0.01,
    0.013471370006941846,
    0.018147780986393233,
    0.02444754724726473,
    0.032934195473009575,
    0.044366873309786115,
    0.05976825664072416,
    0.08051602998770542,
    0.1084661231454405,
    0.1461187278110748,
    0.19684194472866123,
    0.26517306703257915,
    0.35722445018714677,
    0.48123027439974203,
    0.6482831084981079,
    0.8733261623828438,
    1.1764899870201866,
    1.5848931924611136
  ],
  "alpha_cv_mse": [
    0.7510665992595156,
    0.6950272259105218,
    0.6433319909079682,
    0.6023323525378377,
    0.5728887846904341,
    0.5514224149275667,
    0.5474520645930934,
    0.5427876261363925,
    0.5462754866293421,
    0.5662158973543143,
    0.6139226722573835,
    0.7040475145761285,
    0.8699636645069116,
    1.1622400217514106,
    1.603310257238185,
    1.982639238696175,
    2.056887310937488,
    2.0571246297499526
  ],
  "alpha_selected": 0.08051602998770542
}