{
  "n_splits": 5,
  "standardize_in_cv": true,
  "alpha_fixed_for_bw": 0.12729242547825764,
  "bw_grid": [
    0.03,
    0.05,
    0.08,
    0.11,
    0.15,
    0.2,
    0.28,
    0.36
  ],
  "bw_cv_mse": [
    2.3777472108492743,
    1.8850581144690988,
    1.3886452374094798,
    0.9534611868184826,
    0.750243444682379,
    0.6836255020867128,
    0.6493355622554386,
    0.6435477182979172
  ],
  "bw_selected": 0.36,
  "alpha_grid": [
    0.01,
    0.013471370006941846,
    0.018147780986393233,
    0.02444754724726473,
    0.032934195473009575,
    0.044366873309786115,
    0.05976825664072416,
    0.08051602998770542,
    0.1084661231454405,
    0.1461187278110748,
    0.19684194472866123,
    0.26517306703257915,
    0.35722445018714677,
    0.48123027439974203,
    0.6482831084981079,
    0.8733261623828438,
    1.1764899870201866,
    1.5848931924611136
  ],
  "alpha_cv_mse": [
    0.8556404280452071,
    0.8271993230606365,
    0.7978845486832873,
    0.7628676081801007,
    0.7288672812658319,
    0.6988352643242345,
    0.6716901994675059,
    0.6507526783960946,
    0.6401805297170692,
    0.6533163192205844,
    0.6980976847582231,
    0.7902030430225513,
    0.95284435101519,
    1.2304163822812053,
    1.6610174576214987,
    2.0215459798386948,
    2.081916270383842,
    2.091288859937422
  ],
  "alpha_selected": 0.1084661231454405
}