{
  "generated_at": "2026-01-19T17:00:45",
  "dependencies": {
    "networkx": true,
    "joblib": true
  },
  "selection": {
    "prefer_tier": "tier1",
    "n_candidates_from_readiness": 14,
    "filters": {
      "min_nonmissing_for_network": 20,
      "max_missing_frac_for_network": 0.65,
      "min_unique_for_network": 3,
      "min_std_for_network": 1e-08,
      "allow_binary": true,
      "allowed_types": [
        "continuous",
        "count",
        "proportion",
        "binary",
        "unknown"
      ]
    },
    "dropped": [],
    "kept": [
      "P01",
      "P02",
      "P03",
      "P04",
      "P05",
      "P06",
      "P07",
      "P08",
      "C01",
      "C02",
      "C03",
      "C04",
      "C05",
      "C06"
    ],
    "notes": []
  },
  "tv_cv": {
    "n_splits": 5,
    "standardize_in_cv": true,
    "alpha_fixed_for_bw": 0.12729242547825764,
    "bw_grid": [
      0.03,
      0.05,
      0.08,
      0.11,
      0.15,
      0.2,
      0.28,
      0.36
    ],
    "bw_cv_mse": [
      2.1622166737847843,
      1.865823813468208,
      1.3327243796424757,
      0.8882837118599987,
      0.6878716482519588,
      0.6136254277588112,
      0.5714350424596191,
      0.5542969932291854
    ],
    "bw_selected": 0.36,
    "alpha_grid": [
      0.01,
      0.013471370006941846,
      0.018147780986393233,
      0.02444754724726473,
      0.032934195473009575,
      0.044366873309786115,
      0.05976825664072416,
      0.08051602998770542,
      0.1084661231454405,
      0.1461187278110748,
      0.19684194472866123,
      0.26517306703257915,
      0.35722445018714677,
      0.48123027439974203,
      0.6482831084981079,
      0.8733261623828438,
      1.1764899870201866,
      1.5848931924611136
    ],
    "alpha_cv_mse": [
      0.7510665992595156,
      0.6950272259105218,
      0.6433319909079682,
      0.6023323525378377,
      0.5728887846904341,
      0.5514224149275667,
      0.5474520645930934,
      0.5427876261363925,
      0.5462754866293421,
      0.5662158973543143,
      0.6139226722573835,
      0.7040475145761285,
      0.8699636645069116,
      1.1622400217514106,
      1.603310257238185,
      1.982639238696175,
      2.056887310937488,
      2.0571246297499526
    ],
    "alpha_selected": 0.08051602998770542
  },
  "bandwidth_selected_final": 0.36,
  "alpha_selected_final": 0.08051602998770542,
  "bootstrap": {
    "n_boot": 80,
    "block_len": 20,
    "ci": [
      0.05,
      0.95
    ]
  },
  "prediction": {
    "mse": 0.18743971542450633,
    "r2_overall": 0.8123282752543292
  },
  "tv_clusters_error_ratio": {
    "create_clusters": false,
    "threshold_ratio": 3.0,
    "peaks": [],
    "segments": []
  },
  "tv_clusters_change_points": {
    "enabled": true,
    "d": [
      0.047814278200339635,
      0.045894272060912046,
      0.04351730445869568,
      0.041763074801546285,
      0.0379516376703867,
      0.0372714195993574,
      0.035299973237603734,
      0.03442658789850729,
      0.03777499247990123,
      0.03934998438957073,
      0.03914469038462261,
      0.042059005814732035,
      0.042757300775167324,
      0.042909610717328635,
      0.04361933594816206,
      0.045172888749772065,
      0.045092509254514856,
      0.04709630593735448,
      0.048128079042936076
    ],
    "z": [
      1.4461130364668757,
      0.9726740805589147,
      0.3865566527490918,
      -0.04600480642998775,
      -0.9858366011465388,
      -1.1535661342582668,
      -1.6396893231223737,
      -1.8550504277334328,
      -1.0293941256941097,
      -0.6410294689541493,
      -0.6916512754999232,
      0.026966454977132674,
      0.19915342365153277,
      0.23671031397103495,
      0.41171578159286637,
      0.7947939401665716,
      0.7749738033818386,
      1.2690739991542614,
      1.5234906761686888
    ],
    "z_thresh": 2.5,
    "change_points": [],
    "segments": [
      [
        0,
        19
      ]
    ]
  },
  "debug": {
    "ess_mean": 144.29502623951214,
    "spectral_radius_mean": 0.8676230042587314,
    "nonzero_fraction": 0.20739795918367346
  }
}