{
  "create_clusters": false,
  "threshold_ratio": 3.0,
  "peaks": [],
  "segments": [],
  "ratio_stationary_over_tv": [
    0.9558625274987527,
    0.9519916859200629,
    0.948704247799523,
    0.9462460282505112,
    0.9448583364359427,
    0.9445636518234801,
    0.9444686028850465,
    0.9447727546807763,
    0.9456126193600314,
    0.9475619099160648,
    0.9498735491929577,
    0.9526229681295847,
    0.9558128136283015,
    0.9590569712049879,
    0.9622178212268034,
    0.965023415558905,
    0.9676201199024506,
    0.9702498457968805,
    0.9730398495453215,
    0.9757563676646237
  ]
}