{
  "enabled": true,
  "d": [
    0.047814278200339635,
    0.045894272060912046,
    0.04351730445869568,
    0.041763074801546285,
    0.0379516376703867,
    0.0372714195993574,
    0.035299973237603734,
    0.03442658789850729,
    0.03777499247990123,
    0.03934998438957073,
    0.03914469038462261,
    0.042059005814732035,
    0.042757300775167324,
    0.042909610717328635,
    0.04361933594816206,
    0.045172888749772065,
    0.045092509254514856,
    0.04709630593735448,
    0.048128079042936076
  ],
  "z": [
    1.4461130364668757,
    0.9726740805589147,
    0.3865566527490918,
    -0.04600480642998775,
    -0.9858366011465388,
    -1.1535661342582668,
    -1.6396893231223737,
    -1.8550504277334328,
    -1.0293941256941097,
    -0.6410294689541493,
    -0.6916512754999232,
    0.026966454977132674,
    0.19915342365153277,
    0.23671031397103495,
    0.41171578159286637,
    0.7947939401665716,
    0.7749738033818386,
    1.2690739991542614,
    1.5234906761686888
  ],
  "z_thresh": 2.5,
  "change_points": [],
  "segments": [
    [
      0,
      19
    ]
  ]
}